reason,matricula,name,funcao,data_admissao,cc_codigo,status,data_demissao,cc_descricao,rg,cpf
cpf_duplicado_workflux,93,FABIO FERNANDES LIMA,OPERADOR DE FRESADORA,2010-10-06,300,Ativo,,OPERACIONAL DE OBRAS,42.759.316-5,331.970.258-06
cpf_duplicado_workflux,394,RICARDO BARBIERI,OPERADOR DE VIBROACABADORA,2014-10-06,300,Ativo,,OPERACIONAL DE OBRAS,46.959.573-5,377.725.268-90
cpf_match_mas_nome_matricula_diverge,1375,GILBERTO VIDAL ALVES,OPERADOR DE BOBCAT,2023-10-02,300,Ativo,,OPERACIONAL DE OBRAS,2396181,028.369.463-77
cpf_duplicado_workflux,1426,GEOVANE MATHEUS SILVA SENA,ELETRICISTA,2023-12-19,302,Férias,,MANUTENÇÃO / FROTA,56.162.675-3,484.931.308-69
cpf_duplicado_workflux,1506,ITALO IGOR DE SOUSA MASSERA,ELETRICISTA,2024-08-19,302,Ativo,,MANUTENÇÃO / FROTA,53.896.247-1,535.498.328-26
cpf_duplicado_workflux,1733,JASON ROBERTO DOS SANTOS,AJUDANTE GERAL,2026-02-24,300,Ativo,,OPERACIONAL DE OBRAS,40.594.396-9,236.259.088-75
cpf_duplicado_workflux,1755,JHONATAN MARTINS DA SILVA,AJUDANTE GERAL,2026-03-16,300,Ativo,,OPERACIONAL DE OBRAS,41.490.521-0,434.576.828-44
cpf_duplicado_workflux,161,EDILSON RIBEIRO BASTOS,TÉCNICO DE SEGURANÇA,2026-04-08,2529,Ativo,,GRU - AIRPORT,202186398,094.260.988-36
cpf_duplicado_workflux,183,JADSON SOUZA DE JESUS,OPERADOR DE ROLO,2026-04-27,2529,Demitido,2026-07-25,GRU - AIRPORT,14543205,059.149.425-60
