reason,matricula,name,cpf,status,role
cpf_duplicado_workflux,93,FABIO FERNANDES LIMA,331.970.258-06,Ativo,OPERADOR DE FRESADORA
cpf_duplicado_workflux,394,RICARDO BARBIERI,377.725.268-90,Ativo,OPERADOR DE VIBROACABADORA
cpf_match_mas_nome_matricula_diverge,1375,GILBERTO VIDAL ALVES,028.369.463-77,Ativo,OPERADOR DE BOBCAT
cpf_duplicado_workflux,1426,GEOVANE MATHEUS SILVA SENA,484.931.308-69,Férias,ELETRICISTA
cpf_duplicado_workflux,1506,ITALO IGOR DE SOUSA MASSERA,535.498.328-26,Ativo,ELETRICISTA
cpf_duplicado_workflux,1733,JASON ROBERTO DOS SANTOS,236.259.088-75,Ativo,AJUDANTE GERAL
cpf_duplicado_workflux,1755,JHONATAN MARTINS DA SILVA,434.576.828-44,Ativo,AJUDANTE GERAL
cpf_duplicado_workflux,161,EDILSON RIBEIRO BASTOS,094.260.988-36,Ativo,TÉCNICO DE SEGURANÇA
cpf_duplicado_workflux,183,JADSON SOUZA DE JESUS,059.149.425-60,Demitido,OPERADOR DE ROLO
