frota,tipo,status_equipamento,dias_com_lancamento,dias_faltando,datas_faltantes
BANHEIRO - 151,BANHEIRO QUÍMICO,ativo,0,31,"01/07, 02/07, 03/07, 04/07, 05/07, 06/07, 07/07, 08/07, 09/07, 10/07, 11/07, 12/07, 13/07, 14/07, 15/07, 16/07, 17/07, 18/07, 19/07, 20/07, 21/07, 22/07, 23/07, 24/07, 25/07, 26/07, 27/07, 28/07, 29/07, 30/07, 31/07"
BANHEIRO-01,BANHEIRO QUÍMICO,ativo,0,31,"01/07, 02/07, 03/07, 04/07, 05/07, 06/07, 07/07, 08/07, 09/07, 10/07, 11/07, 12/07, 13/07, 14/07, 15/07, 16/07, 17/07, 18/07, 19/07, 20/07, 21/07, 22/07, 23/07, 24/07, 25/07, 26/07, 27/07, 28/07, 29/07, 30/07, 31/07"
BANHEIRO-02,BANHEIRO QUÍMICO,ativo,0,31,"01/07, 02/07, 03/07, 04/07, 05/07, 06/07, 07/07, 08/07, 09/07, 10/07, 11/07, 12/07, 13/07, 14/07, 15/07, 16/07, 17/07, 18/07, 19/07, 20/07, 21/07, 22/07, 23/07, 24/07, 25/07, 26/07, 27/07, 28/07, 29/07, 30/07, 31/07"
BANHEIRO-1969,BANHEIRO QUÍMICO,ativo,0,31,"01/07, 02/07, 03/07, 04/07, 05/07, 06/07, 07/07, 08/07, 09/07, 10/07, 11/07, 12/07, 13/07, 14/07, 15/07, 16/07, 17/07, 18/07, 19/07, 20/07, 21/07, 22/07, 23/07, 24/07, 25/07, 26/07, 27/07, 28/07, 29/07, 30/07, 31/07"
BQ01 - COP,BANHEIRO QUÍMICO,ativo,0,31,"01/07, 02/07, 03/07, 04/07, 05/07, 06/07, 07/07, 08/07, 09/07, 10/07, 11/07, 12/07, 13/07, 14/07, 15/07, 16/07, 17/07, 18/07, 19/07, 20/07, 21/07, 22/07, 23/07, 24/07, 25/07, 26/07, 27/07, 28/07, 29/07, 30/07, 31/07"
BQ02 - COP,BANHEIRO QUÍMICO,ativo,0,31,"01/07, 02/07, 03/07, 04/07, 05/07, 06/07, 07/07, 08/07, 09/07, 10/07, 11/07, 12/07, 13/07, 14/07, 15/07, 16/07, 17/07, 18/07, 19/07, 20/07, 21/07, 22/07, 23/07, 24/07, 25/07, 26/07, 27/07, 28/07, 29/07, 30/07, 31/07"
BUS0002,MICROÔNIBUS,ativo,0,31,"01/07, 02/07, 03/07, 04/07, 05/07, 06/07, 07/07, 08/07, 09/07, 10/07, 11/07, 12/07, 13/07, 14/07, 15/07, 16/07, 17/07, 18/07, 19/07, 20/07, 21/07, 22/07, 23/07, 24/07, 25/07, 26/07, 27/07, 28/07, 29/07, 30/07, 31/07"
CARR_BANH_04,CARRETINHA BANHEIRO,ativo,0,31,"01/07, 02/07, 03/07, 04/07, 05/07, 06/07, 07/07, 08/07, 09/07, 10/07, 11/07, 12/07, 13/07, 14/07, 15/07, 16/07, 17/07, 18/07, 19/07, 20/07, 21/07, 22/07, 23/07, 24/07, 25/07, 26/07, 27/07, 28/07, 29/07, 30/07, 31/07"
CARR_BANH_CBUQ01,CARRETINHA BANHEIRO,ativo,0,31,"01/07, 02/07, 03/07, 04/07, 05/07, 06/07, 07/07, 08/07, 09/07, 10/07, 11/07, 12/07, 13/07, 14/07, 15/07, 16/07, 17/07, 18/07, 19/07, 20/07, 21/07, 22/07, 23/07, 24/07, 25/07, 26/07, 27/07, 28/07, 29/07, 30/07, 31/07"
CARR_BANH_COP01,CARRETINHA BANHEIRO,ativo,0,31,"01/07, 02/07, 03/07, 04/07, 05/07, 06/07, 07/07, 08/07, 09/07, 10/07, 11/07, 12/07, 13/07, 14/07, 15/07, 16/07, 17/07, 18/07, 19/07, 20/07, 21/07, 22/07, 23/07, 24/07, 25/07, 26/07, 27/07, 28/07, 29/07, 30/07, 31/07"
CARR_BANH-02,CARRETINHA BANHEIRO,ativo,0,31,"01/07, 02/07, 03/07, 04/07, 05/07, 06/07, 07/07, 08/07, 09/07, 10/07, 11/07, 12/07, 13/07, 14/07, 15/07, 16/07, 17/07, 18/07, 19/07, 20/07, 21/07, 22/07, 23/07, 24/07, 25/07, 26/07, 27/07, 28/07, 29/07, 30/07, 31/07"
CARR_EKZ9152,CARRETINHA BANHEIRO,ativo,0,31,"01/07, 02/07, 03/07, 04/07, 05/07, 06/07, 07/07, 08/07, 09/07, 10/07, 11/07, 12/07, 13/07, 14/07, 15/07, 16/07, 17/07, 18/07, 19/07, 20/07, 21/07, 22/07, 23/07, 24/07, 25/07, 26/07, 27/07, 28/07, 29/07, 30/07, 31/07"
CB020,CAMINHÃO BASCULANTE,ativo,0,31,"01/07, 02/07, 03/07, 04/07, 05/07, 06/07, 07/07, 08/07, 09/07, 10/07, 11/07, 12/07, 13/07, 14/07, 15/07, 16/07, 17/07, 18/07, 19/07, 20/07, 21/07, 22/07, 23/07, 24/07, 25/07, 26/07, 27/07, 28/07, 29/07, 30/07, 31/07"
CB021,CAMINHÃO BASCULANTE,ativo,0,31,"01/07, 02/07, 03/07, 04/07, 05/07, 06/07, 07/07, 08/07, 09/07, 10/07, 11/07, 12/07, 13/07, 14/07, 15/07, 16/07, 17/07, 18/07, 19/07, 20/07, 21/07, 22/07, 23/07, 24/07, 25/07, 26/07, 27/07, 28/07, 29/07, 30/07, 31/07"
CB022,CAMINHÃO BASCULANTE,ativo,0,31,"01/07, 02/07, 03/07, 04/07, 05/07, 06/07, 07/07, 08/07, 09/07, 10/07, 11/07, 12/07, 13/07, 14/07, 15/07, 16/07, 17/07, 18/07, 19/07, 20/07, 21/07, 22/07, 23/07, 24/07, 25/07, 26/07, 27/07, 28/07, 29/07, 30/07, 31/07"
CB023,CAMINHÃO BASCULANTE,ativo,0,31,"01/07, 02/07, 03/07, 04/07, 05/07, 06/07, 07/07, 08/07, 09/07, 10/07, 11/07, 12/07, 13/07, 14/07, 15/07, 16/07, 17/07, 18/07, 19/07, 20/07, 21/07, 22/07, 23/07, 24/07, 25/07, 26/07, 27/07, 28/07, 29/07, 30/07, 31/07"
CB024,CAMINHÃO BASCULANTE,ativo,0,31,"01/07, 02/07, 03/07, 04/07, 05/07, 06/07, 07/07, 08/07, 09/07, 10/07, 11/07, 12/07, 13/07, 14/07, 15/07, 16/07, 17/07, 18/07, 19/07, 20/07, 21/07, 22/07, 23/07, 24/07, 25/07, 26/07, 27/07, 28/07, 29/07, 30/07, 31/07"
CB026,CAMINHÃO BASCULANTE,ativo,0,31,"01/07, 02/07, 03/07, 04/07, 05/07, 06/07, 07/07, 08/07, 09/07, 10/07, 11/07, 12/07, 13/07, 14/07, 15/07, 16/07, 17/07, 18/07, 19/07, 20/07, 21/07, 22/07, 23/07, 24/07, 25/07, 26/07, 27/07, 28/07, 29/07, 30/07, 31/07"
CB027,CAMINHÃO BASCULANTE,ativo,0,31,"01/07, 02/07, 03/07, 04/07, 05/07, 06/07, 07/07, 08/07, 09/07, 10/07, 11/07, 12/07, 13/07, 14/07, 15/07, 16/07, 17/07, 18/07, 19/07, 20/07, 21/07, 22/07, 23/07, 24/07, 25/07, 26/07, 27/07, 28/07, 29/07, 30/07, 31/07"
COMB_GRU,CAMINHÃO COMBOIO,ativo,0,31,"01/07, 02/07, 03/07, 04/07, 05/07, 06/07, 07/07, 08/07, 09/07, 10/07, 11/07, 12/07, 13/07, 14/07, 15/07, 16/07, 17/07, 18/07, 19/07, 20/07, 21/07, 22/07, 23/07, 24/07, 25/07, 26/07, 27/07, 28/07, 29/07, 30/07, 31/07"
COMP011,COMPRESSOR,ativo,0,31,"01/07, 02/07, 03/07, 04/07, 05/07, 06/07, 07/07, 08/07, 09/07, 10/07, 11/07, 12/07, 13/07, 14/07, 15/07, 16/07, 17/07, 18/07, 19/07, 20/07, 21/07, 22/07, 23/07, 24/07, 25/07, 26/07, 27/07, 28/07, 29/07, 30/07, 31/07"
COMP020,COMPRESSOR,ativo,0,31,"01/07, 02/07, 03/07, 04/07, 05/07, 06/07, 07/07, 08/07, 09/07, 10/07, 11/07, 12/07, 13/07, 14/07, 15/07, 16/07, 17/07, 18/07, 19/07, 20/07, 21/07, 22/07, 23/07, 24/07, 25/07, 26/07, 27/07, 28/07, 29/07, 30/07, 31/07"
COMP022,COMPRESSOR,ativo,0,31,"01/07, 02/07, 03/07, 04/07, 05/07, 06/07, 07/07, 08/07, 09/07, 10/07, 11/07, 12/07, 13/07, 14/07, 15/07, 16/07, 17/07, 18/07, 19/07, 20/07, 21/07, 22/07, 23/07, 24/07, 25/07, 26/07, 27/07, 28/07, 29/07, 30/07, 31/07"
COMP025,COMPRESSOR,ativo,0,31,"01/07, 02/07, 03/07, 04/07, 05/07, 06/07, 07/07, 08/07, 09/07, 10/07, 11/07, 12/07, 13/07, 14/07, 15/07, 16/07, 17/07, 18/07, 19/07, 20/07, 21/07, 22/07, 23/07, 24/07, 25/07, 26/07, 27/07, 28/07, 29/07, 30/07, 31/07"
COMP030,COMPRESSOR,ativo,0,31,"01/07, 02/07, 03/07, 04/07, 05/07, 06/07, 07/07, 08/07, 09/07, 10/07, 11/07, 12/07, 13/07, 14/07, 15/07, 16/07, 17/07, 18/07, 19/07, 20/07, 21/07, 22/07, 23/07, 24/07, 25/07, 26/07, 27/07, 28/07, 29/07, 30/07, 31/07"
DENSI_020,DENSÍMETRO,ativo,0,31,"01/07, 02/07, 03/07, 04/07, 05/07, 06/07, 07/07, 08/07, 09/07, 10/07, 11/07, 12/07, 13/07, 14/07, 15/07, 16/07, 17/07, 18/07, 19/07, 20/07, 21/07, 22/07, 23/07, 24/07, 25/07, 26/07, 27/07, 28/07, 29/07, 30/07, 31/07"
FA25,FRESADORA,ativo,0,31,"01/07, 02/07, 03/07, 04/07, 05/07, 06/07, 07/07, 08/07, 09/07, 10/07, 11/07, 12/07, 13/07, 14/07, 15/07, 16/07, 17/07, 18/07, 19/07, 20/07, 21/07, 22/07, 23/07, 24/07, 25/07, 26/07, 27/07, 28/07, 29/07, 30/07, 31/07"
GERA01 - COP,GERADOR,ativo,0,31,"01/07, 02/07, 03/07, 04/07, 05/07, 06/07, 07/07, 08/07, 09/07, 10/07, 11/07, 12/07, 13/07, 14/07, 15/07, 16/07, 17/07, 18/07, 19/07, 20/07, 21/07, 22/07, 23/07, 24/07, 25/07, 26/07, 27/07, 28/07, 29/07, 30/07, 31/07"
GERA02 - COP,GERADOR,ativo,0,31,"01/07, 02/07, 03/07, 04/07, 05/07, 06/07, 07/07, 08/07, 09/07, 10/07, 11/07, 12/07, 13/07, 14/07, 15/07, 16/07, 17/07, 18/07, 19/07, 20/07, 21/07, 22/07, 23/07, 24/07, 25/07, 26/07, 27/07, 28/07, 29/07, 30/07, 31/07"
GERA03 - COP,GERADOR,ativo,0,31,"01/07, 02/07, 03/07, 04/07, 05/07, 06/07, 07/07, 08/07, 09/07, 10/07, 11/07, 12/07, 13/07, 14/07, 15/07, 16/07, 17/07, 18/07, 19/07, 20/07, 21/07, 22/07, 23/07, 24/07, 25/07, 26/07, 27/07, 28/07, 29/07, 30/07, 31/07"
GERA04 - COP,GERADOR,ativo,0,31,"01/07, 02/07, 03/07, 04/07, 05/07, 06/07, 07/07, 08/07, 09/07, 10/07, 11/07, 12/07, 13/07, 14/07, 15/07, 16/07, 17/07, 18/07, 19/07, 20/07, 21/07, 22/07, 23/07, 24/07, 25/07, 26/07, 27/07, 28/07, 29/07, 30/07, 31/07"
MCO0008,MICROÔNIBUS,ativo,0,31,"01/07, 02/07, 03/07, 04/07, 05/07, 06/07, 07/07, 08/07, 09/07, 10/07, 11/07, 12/07, 13/07, 14/07, 15/07, 16/07, 17/07, 18/07, 19/07, 20/07, 21/07, 22/07, 23/07, 24/07, 25/07, 26/07, 27/07, 28/07, 29/07, 30/07, 31/07"
MIST01 - COP,MISTURADOR DE ARGAMASSA,ativo,0,31,"01/07, 02/07, 03/07, 04/07, 05/07, 06/07, 07/07, 08/07, 09/07, 10/07, 11/07, 12/07, 13/07, 14/07, 15/07, 16/07, 17/07, 18/07, 19/07, 20/07, 21/07, 22/07, 23/07, 24/07, 25/07, 26/07, 27/07, 28/07, 29/07, 30/07, 31/07"
MIST02 - COP,MISTURADOR DE ARGAMASSA,ativo,0,31,"01/07, 02/07, 03/07, 04/07, 05/07, 06/07, 07/07, 08/07, 09/07, 10/07, 11/07, 12/07, 13/07, 14/07, 15/07, 16/07, 17/07, 18/07, 19/07, 20/07, 21/07, 22/07, 23/07, 24/07, 25/07, 26/07, 27/07, 28/07, 29/07, 30/07, 31/07"
MIST03 - COP,MISTURADOR DE ARGAMASSA,ativo,0,31,"01/07, 02/07, 03/07, 04/07, 05/07, 06/07, 07/07, 08/07, 09/07, 10/07, 11/07, 12/07, 13/07, 14/07, 15/07, 16/07, 17/07, 18/07, 19/07, 20/07, 21/07, 22/07, 23/07, 24/07, 25/07, 26/07, 27/07, 28/07, 29/07, 30/07, 31/07"
MIST04 - COP,MISTURADOR DE ARGAMASSA,ativo,0,31,"01/07, 02/07, 03/07, 04/07, 05/07, 06/07, 07/07, 08/07, 09/07, 10/07, 11/07, 12/07, 13/07, 14/07, 15/07, 16/07, 17/07, 18/07, 19/07, 20/07, 21/07, 22/07, 23/07, 24/07, 25/07, 26/07, 27/07, 28/07, 29/07, 30/07, 31/07"
PL85KG - 01,PLACA VIBRATÓRIA,ativo,0,31,"01/07, 02/07, 03/07, 04/07, 05/07, 06/07, 07/07, 08/07, 09/07, 10/07, 11/07, 12/07, 13/07, 14/07, 15/07, 16/07, 17/07, 18/07, 19/07, 20/07, 21/07, 22/07, 23/07, 24/07, 25/07, 26/07, 27/07, 28/07, 29/07, 30/07, 31/07"
PL85KG - 02,PLACA VIBRATÓRIA,ativo,0,31,"01/07, 02/07, 03/07, 04/07, 05/07, 06/07, 07/07, 08/07, 09/07, 10/07, 11/07, 12/07, 13/07, 14/07, 15/07, 16/07, 17/07, 18/07, 19/07, 20/07, 21/07, 22/07, 23/07, 24/07, 25/07, 26/07, 27/07, 28/07, 29/07, 30/07, 31/07"
PLACA-VIB-01,PLACA VIBRATÓRIA,ativo,0,31,"01/07, 02/07, 03/07, 04/07, 05/07, 06/07, 07/07, 08/07, 09/07, 10/07, 11/07, 12/07, 13/07, 14/07, 15/07, 16/07, 17/07, 18/07, 19/07, 20/07, 21/07, 22/07, 23/07, 24/07, 25/07, 26/07, 27/07, 28/07, 29/07, 30/07, 31/07"
PLACA-VIB-02,PLACA VIBRATÓRIA,ativo,0,31,"01/07, 02/07, 03/07, 04/07, 05/07, 06/07, 07/07, 08/07, 09/07, 10/07, 11/07, 12/07, 13/07, 14/07, 15/07, 16/07, 17/07, 18/07, 19/07, 20/07, 21/07, 22/07, 23/07, 24/07, 25/07, 26/07, 27/07, 28/07, 29/07, 30/07, 31/07"
PMV_CBUQ02,OUTRO,ativo,0,31,"01/07, 02/07, 03/07, 04/07, 05/07, 06/07, 07/07, 08/07, 09/07, 10/07, 11/07, 12/07, 13/07, 14/07, 15/07, 16/07, 17/07, 18/07, 19/07, 20/07, 21/07, 22/07, 23/07, 24/07, 25/07, 26/07, 27/07, 28/07, 29/07, 30/07, 31/07"
PR001,PRANCHA REBOQUE,ativo,0,31,"01/07, 02/07, 03/07, 04/07, 05/07, 06/07, 07/07, 08/07, 09/07, 10/07, 11/07, 12/07, 13/07, 14/07, 15/07, 16/07, 17/07, 18/07, 19/07, 20/07, 21/07, 22/07, 23/07, 24/07, 25/07, 26/07, 27/07, 28/07, 29/07, 30/07, 31/07"
PR007,PRANCHA REBOQUE,ativo,0,31,"01/07, 02/07, 03/07, 04/07, 05/07, 06/07, 07/07, 08/07, 09/07, 10/07, 11/07, 12/07, 13/07, 14/07, 15/07, 16/07, 17/07, 18/07, 19/07, 20/07, 21/07, 22/07, 23/07, 24/07, 25/07, 26/07, 27/07, 28/07, 29/07, 30/07, 31/07"
PR008,PRANCHA REBOQUE,ativo,0,31,"01/07, 02/07, 03/07, 04/07, 05/07, 06/07, 07/07, 08/07, 09/07, 10/07, 11/07, 12/07, 13/07, 14/07, 15/07, 16/07, 17/07, 18/07, 19/07, 20/07, 21/07, 22/07, 23/07, 24/07, 25/07, 26/07, 27/07, 28/07, 29/07, 30/07, 31/07"
PUR9775,CAMINHÃO PLATAFORMA,ativo,0,31,"01/07, 02/07, 03/07, 04/07, 05/07, 06/07, 07/07, 08/07, 09/07, 10/07, 11/07, 12/07, 13/07, 14/07, 15/07, 16/07, 17/07, 18/07, 19/07, 20/07, 21/07, 22/07, 23/07, 24/07, 25/07, 26/07, 27/07, 28/07, 29/07, 30/07, 31/07"
ROMP - 302 362,ROMPEDOR PNEUMÁTICO,ativo,0,31,"01/07, 02/07, 03/07, 04/07, 05/07, 06/07, 07/07, 08/07, 09/07, 10/07, 11/07, 12/07, 13/07, 14/07, 15/07, 16/07, 17/07, 18/07, 19/07, 20/07, 21/07, 22/07, 23/07, 24/07, 25/07, 26/07, 27/07, 28/07, 29/07, 30/07, 31/07"
ROMP 18KG - 01,ROMPEDOR ELÉTRICO,ativo,0,31,"01/07, 02/07, 03/07, 04/07, 05/07, 06/07, 07/07, 08/07, 09/07, 10/07, 11/07, 12/07, 13/07, 14/07, 15/07, 16/07, 17/07, 18/07, 19/07, 20/07, 21/07, 22/07, 23/07, 24/07, 25/07, 26/07, 27/07, 28/07, 29/07, 30/07, 31/07"
ROMP 18KG - 02,ROMPEDOR ELÉTRICO,ativo,0,31,"01/07, 02/07, 03/07, 04/07, 05/07, 06/07, 07/07, 08/07, 09/07, 10/07, 11/07, 12/07, 13/07, 14/07, 15/07, 16/07, 17/07, 18/07, 19/07, 20/07, 21/07, 22/07, 23/07, 24/07, 25/07, 26/07, 27/07, 28/07, 29/07, 30/07, 31/07"
ROMP 18KG - 03,ROMPEDOR ELÉTRICO,ativo,0,31,"01/07, 02/07, 03/07, 04/07, 05/07, 06/07, 07/07, 08/07, 09/07, 10/07, 11/07, 12/07, 13/07, 14/07, 15/07, 16/07, 17/07, 18/07, 19/07, 20/07, 21/07, 22/07, 23/07, 24/07, 25/07, 26/07, 27/07, 28/07, 29/07, 30/07, 31/07"
ROMP 30KG - 01,ROMPEDOR ELÉTRICO,ativo,0,31,"01/07, 02/07, 03/07, 04/07, 05/07, 06/07, 07/07, 08/07, 09/07, 10/07, 11/07, 12/07, 13/07, 14/07, 15/07, 16/07, 17/07, 18/07, 19/07, 20/07, 21/07, 22/07, 23/07, 24/07, 25/07, 26/07, 27/07, 28/07, 29/07, 30/07, 31/07"
ROMP-02,ROMPEDOR PNEUMÁTICO,ativo,0,31,"01/07, 02/07, 03/07, 04/07, 05/07, 06/07, 07/07, 08/07, 09/07, 10/07, 11/07, 12/07, 13/07, 14/07, 15/07, 16/07, 17/07, 18/07, 19/07, 20/07, 21/07, 22/07, 23/07, 24/07, 25/07, 26/07, 27/07, 28/07, 29/07, 30/07, 31/07"
ROMP-302021,ROMPEDOR PNEUMÁTICO,ativo,0,31,"01/07, 02/07, 03/07, 04/07, 05/07, 06/07, 07/07, 08/07, 09/07, 10/07, 11/07, 12/07, 13/07, 14/07, 15/07, 16/07, 17/07, 18/07, 19/07, 20/07, 21/07, 22/07, 23/07, 24/07, 25/07, 26/07, 27/07, 28/07, 29/07, 30/07, 31/07"
ROMP-CBUQ01,ROMPEDOR PNEUMÁTICO,ativo,0,31,"01/07, 02/07, 03/07, 04/07, 05/07, 06/07, 07/07, 08/07, 09/07, 10/07, 11/07, 12/07, 13/07, 14/07, 15/07, 16/07, 17/07, 18/07, 19/07, 20/07, 21/07, 22/07, 23/07, 24/07, 25/07, 26/07, 27/07, 28/07, 29/07, 30/07, 31/07"
ROMP-RET_PV,ROMPEDOR PNEUMÁTICO,ativo,0,31,"01/07, 02/07, 03/07, 04/07, 05/07, 06/07, 07/07, 08/07, 09/07, 10/07, 11/07, 12/07, 13/07, 14/07, 15/07, 16/07, 17/07, 18/07, 19/07, 20/07, 21/07, 22/07, 23/07, 24/07, 25/07, 26/07, 27/07, 28/07, 29/07, 30/07, 31/07"
RT27,RETROESCAVADEIRA,ativo,0,31,"01/07, 02/07, 03/07, 04/07, 05/07, 06/07, 07/07, 08/07, 09/07, 10/07, 11/07, 12/07, 13/07, 14/07, 15/07, 16/07, 17/07, 18/07, 19/07, 20/07, 21/07, 22/07, 23/07, 24/07, 25/07, 26/07, 27/07, 28/07, 29/07, 30/07, 31/07"
RT28,RETROESCAVADEIRA,ativo,0,31,"01/07, 02/07, 03/07, 04/07, 05/07, 06/07, 07/07, 08/07, 09/07, 10/07, 11/07, 12/07, 13/07, 14/07, 15/07, 16/07, 17/07, 18/07, 19/07, 20/07, 21/07, 22/07, 23/07, 24/07, 25/07, 26/07, 27/07, 28/07, 29/07, 30/07, 31/07"
SAP_COMP_01,SAPO COMPACTADOR,ativo,0,31,"01/07, 02/07, 03/07, 04/07, 05/07, 06/07, 07/07, 08/07, 09/07, 10/07, 11/07, 12/07, 13/07, 14/07, 15/07, 16/07, 17/07, 18/07, 19/07, 20/07, 21/07, 22/07, 23/07, 24/07, 25/07, 26/07, 27/07, 28/07, 29/07, 30/07, 31/07"
SAP_COMP_02,SAPO COMPACTADOR,ativo,0,31,"01/07, 02/07, 03/07, 04/07, 05/07, 06/07, 07/07, 08/07, 09/07, 10/07, 11/07, 12/07, 13/07, 14/07, 15/07, 16/07, 17/07, 18/07, 19/07, 20/07, 21/07, 22/07, 23/07, 24/07, 25/07, 26/07, 27/07, 28/07, 29/07, 30/07, 31/07"
SAP_COMP_03,SAPO COMPACTADOR,ativo,0,31,"01/07, 02/07, 03/07, 04/07, 05/07, 06/07, 07/07, 08/07, 09/07, 10/07, 11/07, 12/07, 13/07, 14/07, 15/07, 16/07, 17/07, 18/07, 19/07, 20/07, 21/07, 22/07, 23/07, 24/07, 25/07, 26/07, 27/07, 28/07, 29/07, 30/07, 31/07"
SERRA-01,SERRA CLIPPER,ativo,0,31,"01/07, 02/07, 03/07, 04/07, 05/07, 06/07, 07/07, 08/07, 09/07, 10/07, 11/07, 12/07, 13/07, 14/07, 15/07, 16/07, 17/07, 18/07, 19/07, 20/07, 21/07, 22/07, 23/07, 24/07, 25/07, 26/07, 27/07, 28/07, 29/07, 30/07, 31/07"
SERRA-02,SERRA CLIPPER,ativo,0,31,"01/07, 02/07, 03/07, 04/07, 05/07, 06/07, 07/07, 08/07, 09/07, 10/07, 11/07, 12/07, 13/07, 14/07, 15/07, 16/07, 17/07, 18/07, 19/07, 20/07, 21/07, 22/07, 23/07, 24/07, 25/07, 26/07, 27/07, 28/07, 29/07, 30/07, 31/07"
SERRA-03,SERRA CLIPPER,ativo,0,31,"01/07, 02/07, 03/07, 04/07, 05/07, 06/07, 07/07, 08/07, 09/07, 10/07, 11/07, 12/07, 13/07, 14/07, 15/07, 16/07, 17/07, 18/07, 19/07, 20/07, 21/07, 22/07, 23/07, 24/07, 25/07, 26/07, 27/07, 28/07, 29/07, 30/07, 31/07"
SERRA-04,SERRA CLIPPER,ativo,0,31,"01/07, 02/07, 03/07, 04/07, 05/07, 06/07, 07/07, 08/07, 09/07, 10/07, 11/07, 12/07, 13/07, 14/07, 15/07, 16/07, 17/07, 18/07, 19/07, 20/07, 21/07, 22/07, 23/07, 24/07, 25/07, 26/07, 27/07, 28/07, 29/07, 30/07, 31/07"
SERRA-05,SERRA CLIPPER,ativo,0,31,"01/07, 02/07, 03/07, 04/07, 05/07, 06/07, 07/07, 08/07, 09/07, 10/07, 11/07, 12/07, 13/07, 14/07, 15/07, 16/07, 17/07, 18/07, 19/07, 20/07, 21/07, 22/07, 23/07, 24/07, 25/07, 26/07, 27/07, 28/07, 29/07, 30/07, 31/07"
SERRA-06,SERRA CLIPPER,ativo,0,31,"01/07, 02/07, 03/07, 04/07, 05/07, 06/07, 07/07, 08/07, 09/07, 10/07, 11/07, 12/07, 13/07, 14/07, 15/07, 16/07, 17/07, 18/07, 19/07, 20/07, 21/07, 22/07, 23/07, 24/07, 25/07, 26/07, 27/07, 28/07, 29/07, 30/07, 31/07"
SERRA-07,SERRA CLIPPER,ativo,0,31,"01/07, 02/07, 03/07, 04/07, 05/07, 06/07, 07/07, 08/07, 09/07, 10/07, 11/07, 12/07, 13/07, 14/07, 15/07, 16/07, 17/07, 18/07, 19/07, 20/07, 21/07, 22/07, 23/07, 24/07, 25/07, 26/07, 27/07, 28/07, 29/07, 30/07, 31/07"
SERRA-COPASA,SERRA CLIPPER,ativo,0,31,"01/07, 02/07, 03/07, 04/07, 05/07, 06/07, 07/07, 08/07, 09/07, 10/07, 11/07, 12/07, 13/07, 14/07, 15/07, 16/07, 17/07, 18/07, 19/07, 20/07, 21/07, 22/07, 23/07, 24/07, 25/07, 26/07, 27/07, 28/07, 29/07, 30/07, 31/07"
SERRA01 COP,SERRA CLIPPER,ativo,0,31,"01/07, 02/07, 03/07, 04/07, 05/07, 06/07, 07/07, 08/07, 09/07, 10/07, 11/07, 12/07, 13/07, 14/07, 15/07, 16/07, 17/07, 18/07, 19/07, 20/07, 21/07, 22/07, 23/07, 24/07, 25/07, 26/07, 27/07, 28/07, 29/07, 30/07, 31/07"
TORRE 276B142,TORRE DE ILUMINAÇÃO,ativo,0,31,"01/07, 02/07, 03/07, 04/07, 05/07, 06/07, 07/07, 08/07, 09/07, 10/07, 11/07, 12/07, 13/07, 14/07, 15/07, 16/07, 17/07, 18/07, 19/07, 20/07, 21/07, 22/07, 23/07, 24/07, 25/07, 26/07, 27/07, 28/07, 29/07, 30/07, 31/07"
TORRE 276B194,TORRE DE ILUMINAÇÃO,ativo,0,31,"01/07, 02/07, 03/07, 04/07, 05/07, 06/07, 07/07, 08/07, 09/07, 10/07, 11/07, 12/07, 13/07, 14/07, 15/07, 16/07, 17/07, 18/07, 19/07, 20/07, 21/07, 22/07, 23/07, 24/07, 25/07, 26/07, 27/07, 28/07, 29/07, 30/07, 31/07"
